{"loss/train": 0.43687987327575684, "_timestamp": 1704858121.379138, "_runtime": 16.096812963485718, "_step": 3, "_wandb": {"runtime": 15}}