{"loss/train": 0.0840236134827137, "_timestamp": 1704857508.380398, "_runtime": 162.12073493003845, "_step": 99, "_wandb": {"runtime": 314}}