{"loss/train": 0.12137529626488686, "_timestamp": 1704858429.2162318, "_runtime": 135.41046786308289, "_step": 99, "_wandb": {"runtime": 188}}