{"loss/train": 0.15209149569272995, "_timestamp": 1704859443.0650759, "_runtime": 133.87128591537476, "_step": 99, "_wandb": {"runtime": 183}}