{"loss/train": 0.12885139882564545, "_timestamp": 1704857998.499753, "_runtime": 77.96134400367737, "_step": 84, "_wandb": {"runtime": 106}}