{"loss/train": 0.5147717297077179, "_timestamp": 1704937999.112161, "_runtime": 14.447341918945312, "_step": 8, "_wandb": {"runtime": 13}}