{"loss/train": 0.0906003937125206, "_timestamp": 1704858940.4982982, "_runtime": 133.25993824005127, "_step": 99, "_wandb": {"runtime": 183}}