{"loss/train": 0.13989288359880447, "_timestamp": 1704860768.4445922, "_runtime": 135.15853428840637, "_step": 99, "_wandb": {"runtime": 189}}